sent_id,receive_id
87,80
87,80
32,80
32,80
80,81
80,185
32,80
80,81
87,80
87,80
87,80
87,80
87,80
32,80
77,80
213,80
213,80
87,80
87,213
80,87
80,185
80,185
80,87
87,80
194,80
87,80
32,80
21,80
81,80
87,80
32,80
87,80
80,185
87,80
32,32
185,80
32,80
81,80
32,80
87,80
22,32
80,160
80,87
32,80
87,80
194,80
80,87
80,87
22,32
87,80
194,80
194,80
216,80
80,87
32,80
87,80
87,80
32,80
80,185
32,80
87,80
32,80
80,87
87,80
80,185
87,80
194,80
80,185
150,80
32,80
80,87
32,80
87,80
194,80
87,80
80,81
32,80
87,80
87,80
80,32
32,80
32,80
80,87
48,80
150,80
87,80
80,150
150,48
81,80
80,150
87,80
81,80
81,80
150,80
170,201
150,80
81,80
87,80
80,81
48,87
80,150
81,80
80,87
87,80
32,80
48,80
150,80
32,80
80,150
80,150
87,80
150,80
80,150
80,150
80,150
80,116
87,80
150,80
80,87
213,80
80,150
87,80
32,80
87,80
32,80
32,80
80,32
32,80
80,32
32,80
80,87
87,80
87,80
80,32
32,80
87,80
80,87
87,80
32,80
87,80
80,150
32,80
32,80
81,80
80,87
194,80
32,80
81,80
87,80
143,80
80,32
80,32
32,80
80,87
80,81
80,81
87,80
80,185
32,80
38,80
80,185
80,160
32,80
32,80
32,80
87,80
87,80
32,80
80,32
32,80
32,80
170,80
87,80
194,80
80,185
80,87
87,80
32,80
80,160
81,80
80,150
32,80
32,80
80,150
87,80
32,80
80,150
32,87
32,80
80,150
81,80
80,150
80,150
170,32
80,150
80,87
32,80
80,32
80,32
80,150
32,80
32,80
150,87
87,80
32,80
80,32
87,80
87,80
87,80
32,80
87,80
80,185
32,80
87,80
32,80
80,32
87,80
32,80
32,80
87,80
80,32
80,87
124,80
32,80
32,80
32,80
124,80
32,80
32,80
80,160
80,124
38,80
32,80
32,80
32,80
32,80
194,80
32,80
32,80
194,80
80,216
32,80
216,80
201,80
80,201
32,80
80,32
87,80
80,32
87,80
80,87
80,185
87,80
80,87
80,87
87,80
170,80
87,80
80,185
80,87
87,80
87,80
87,80
87,80
87,80
87,80
87,80
80,87
80,87
87,80
87,80
80,185
194,80
80,87
87,80
194,80
80,160
80,87
150,80
80,87
32,80
80,32
209,80
32,80
194,80
32,80
135,80
170,80
38,80
105,80
80,32
80,32
80,32
80,32
80,116
80,87
80,81
80,32
80,87
80,87
80,116
80,81
80,81
80,81
80,87
80,81
80,87
80,81
80,32
80,32
80,116
80,147
80,32
80,32
80,81
80,32
80,32
80,32
80,32
80,81
80,87
80,124
80,124
80,81
80,87
80,116
80,124
80,32
80,81
80,87
80,32
80,116
80,116
80,124
80,32
80,32
80,32
80,32
80,87
80,81
80,32
80,81
80,81
80,32
80,116
80,32
80,81
80,32
80,32
80,81
80,32
80,124
80,124
80,124
80,124
80,32
80,32
80,81
80,81
80,32
80,81
5,31
80,81
80,87
80,81
80,32
80,87
80,87
80,81
80,81
80,87
80,81
80,81
80,116
80,81
80,81
80,32
80,81
80,81
80,170
80,81
80,81
80,81
80,81
80,32
80,124
80,32
80,81
80,81
80,81
80,116
80,32
80,32
80,81
80,32
80,81
80,81
80,116
80,87
80,81
80,81
80,20
80,81
80,116
80,81
80,81
80,81
80,81
80,124
80,32
80,116
80,81
80,116
80,81
80,81
80,81
80,32
80,81
80,81
80,81
80,32
80,170
80,81
80,15
80,87
80,87
80,87
80,170
80,170
80,87
80,116
80,221
80,124
80,81
80,32
80,32
80,32
80,32
80,170
80,170
80,170
80,170
80,81
80,81
80,81
80,124
80,116
80,116
80,32
80,124
80,153
80,81
80,32
80,32
80,81
80,87
80,124
80,124
80,32
80,32
80,116
80,86
80,81
80,181
80,116
80,185
80,124
80,124
80,32
80,185
80,196
80,124
80,81
80,81
80,81
80,81
80,32
80,32
80,87
80,32
80,170
80,87
80,81
80,81
80,81
80,116
80,170
80,116
80,87
80,112
80,87
80,81
80,112
80,90
80,216
80,32
80,224
80,32
80,124
80,87
80,87
80,100
80,87
80,81
80,81
80,81
80,81
80,81
80,81
80,32
80,170
80,32
80,32
80,32
80,87
80,87
80,213
80,15
80,81
80,81
80,116
80,81
80,81
80,81
80,81
80,81
80,32
80,81
80,81
80,81
80,81
80,81
80,32
80,32
80,32
80,32
80,32
80,81
80,124
80,32
80,81
80,87
80,81
80,81
80,81
80,124
80,124
80,32
80,32
80,116
80,116
80,32
80,32
80,87
80,122
80,116
80,116
80,124
80,122
80,122
80,122
80,122
80,124
80,87
80,87
80,122
80,122
80,122
80,122
80,122
80,122
80,122
80,122
80,87
80,116
80,87
80,56
80,81
80,21
80,87
80,32
80,93
80,32
80,32
80,81
80,81
80,81
80,81
80,81
80,170
80,170
80,170
80,116
80,116
80,170
80,170
80,170
80,81
80,50
80,191
80,216
80,196
80,86
80,170
80,124
80,124
80,9
80,116
80,81
80,213
80,52
80,81
80,90
80,90
80,81
80,9
80,124
80,9
80,116
80,81
80,81
80,52
80,81
80,90
80,90
80,81
80,81
80,81
80,81
80,81
80,81
80,124
80,124
80,124
80,124
80,81
80,32
80,90
80,87
80,170
80,170
80,170
80,87
80,87
80,170
80,170
80,170
80,87
80,32
80,122
80,81
80,81
80,124
80,32
80,170
80,81
80,170
80,124
80,81
80,124
80,87
80,124
80,9
80,32
80,116
80,81
80,124
80,81
80,32
80,170
80,81
80,81
80,81
80,81
80,81
80,81
80,81
80,81
80,124
80,124
80,32
80,32
80,32
80,32
80,116
80,116
80,81
80,124
80,124
80,124
80,124
80,143
80,81
80,116
80,81
80,32
80,153
80,116
80,124
80,32
80,124
80,143
80,81
80,116
80,116
80,116
80,116
80,32
80,116
80,81
80,116
80,116
80,116
80,116
80,116
80,116
80,77
80,116
80,32
80,32
80,116
80,116
80,116
80,143
80,81
80,32
80,87
80,32
80,81
80,81
80,81
80,81
80,81
80,87
80,81
80,81
80,32
80,87
80,32
80,81
80,32
80,86
80,124
80,32
80,124
80,32
80,116
80,124
80,32
80,32
80,116
80,116
80,194
80,203
80,116
80,116
80,87
80,124
80,116
80,116
80,81
80,81
80,32
80,124
80,30
80,81
80,124
80,81
80,87
80,143
80,32
80,81
80,81
80,116
80,87
80,87
80,81
80,81
80,32
80,124
80,32
80,143
80,81
80,116
80,116
80,87
80,91
80,170
80,124
80,124
80,143
80,124
80,81
80,30
80,81
80,81
80,124
80,196
80,122
80,100
80,30
80,144
80,32
80,143
80,32
80,112
80,87
80,32
80,32
80,32
80,32
80,81
80,112
80,32
80,81
80,32
80,22
80,22
80,124
80,124
80,81
80,81
80,81
80,81
80,170
80,170
80,81
80,87
80,32
80,32
80,124
80,124
80,30
80,199
80,116
80,116
80,87
80,87
80,124
80,124
80,87
80,87
80,216
80,124
80,116
80,87
80,87
80,87
80,87
80,87
80,87
80,124
80,81
80,81
80,81
80,170
80,171
80,171
80,81
80,9
80,81
80,171
80,143
80,171
80,87
80,124
80,81
80,81
80,81
80,81
80,81
80,143
80,171
80,87
80,81
80,81
80,32
80,81
80,81
80,81
80,81
80,124
80,150
80,81
80,113
80,171
80,32
80,81
80,32
80,32
80,32
80,32
80,87
80,191
80,143
80,87
80,226
80,81
80,193
80,116
80,60
80,152
80,116
80,124
80,81
80,32
80,81
80,81
80,124
80,87
80,87
80,116
80,124
80,90
80,116
80,116
80,110
80,87
80,87
80,116
80,124
80,150
80,150
80,143
80,87
80,86
80,32
80,32
80,179
80,32
80,32
80,116
80,81
80,196
80,170
80,121
80,169
80,116
80,116
194,80
80,32
80,32
80,170
80,116
80,32
80,170
80,124
80,81
80,116
80,116
80,81
80,116
80,116
194,80
80,194
80,87
80,32
80,116
80,194
80,116
80,194
80,116
80,121
80,116
80,32
80,10
80,113
80,22
80,32
80,116
80,32
80,196
80,116
80,87
80,32
80,81
80,81
80,143
80,143
80,32
80,116
80,32
80,32
80,32
80,32
80,81
80,81
80,81
80,32
80,32
80,32
80,81
80,81
80,81
80,32
80,32
80,32
80,81
80,170
80,81
80,81
80,32
80,194
80,124
80,81
80,32
80,186
80,116
80,139
80,73
80,124
80,133
80,87
80,87
80,124
80,143
80,37
80,81
80,10
80,194
80,81
80,32
80,32
80,81
80,116
80,81
80,81
80,32
80,32
80,32
80,32
80,194
80,81
80,32
80,32
80,81
80,81
80,116
80,87
80,116
80,81
80,116
80,32
80,116
80,32
80,32
80,32
80,81
80,81
80,32
80,32
80,113
80,87
80,81
80,81
80,87
80,124
80,81
80,116
80,124
80,143
80,32
80,86
80,63
80,32
80,116
80,116
80,32
80,116
80,32
80,170
80,32
80,32
80,32
80,113
80,87
80,32
80,87
80,116
80,87
80,87
80,116
80,32
80,32
80,86
80,32
80,32
80,81
80,171
80,87
80,32
80,32
80,81
80,116
80,81
80,81
80,186
80,32
80,81
80,133
80,32
80,81
80,32
80,87
80,116
80,116
80,116
80,116
80,116
80,116
80,116
80,81
80,32
80,87
80,81
80,124
80,81
80,81
80,94
80,32
80,124
80,81
80,81
80,150
80,87
80,81
80,144
80,124
80,87
80,87
80,87
80,87
80,32
80,32
80,81
80,81
80,81
80,81
80,81
80,194
80,169
80,81
80,87
80,216
80,87
80,116
80,32
80,81
80,116
80,81
80,81
80,81
80,32
80,81
80,116
80,87
80,124
80,81
80,81
80,81
80,81
80,116
80,194
80,194
80,194
80,81
80,81
80,81
80,116
80,81
80,87
80,81
80,87
80,32
80,81
80,116
80,124
80,81
80,116
80,81
80,81
80,81
80,46
80,81
80,81
80,81
80,116
80,81
80,81
80,81
80,81
80,124
80,81
80,170
80,81
80,124
80,60
80,90
80,143
80,170
80,87
80,124
80,32
80,87
80,113
80,116
81,80
32,80
38,32
170,80
87,80
124,80
116,80
87,80
87,80
124,80
32,80
32,80
32,80
32,80
32,80
32,127
32,80
32,80
116,80
32,80
87,32
32,80
32,80
80,32
80,32
80,81
80,81
80,81
80,81
80,81
80,32
32,80
32,80
32,80
32,32
32,80
32,80
116,80
32,80
32,80
124,80
32,80
153,80
90,80
32,80
32,80
80,32
30,80
80,32
87,80
80,81
32,80
30,80
80,124
32,80
32,80
80,81
30,80
80,32
32,80
32,80
80,81
32,80
87,80
80,81
32,80
32,80
32,80
80,180
80,124
80,180
202,80
80,171
32,80
32,80
32,80
32,80
116,81
90,80
87,80
32,80
116,80
80,180
80,87
80,32
80,10
85,80
32,80
80,124
80,10
80,116
80,32
32,80
80,32
32,80
32,80
32,80
116,80
85,80
32,80
32,32
32,80
32,80
32,80
32,80
116,80
80,87
81,80
80,116
32,80
32,32
81,80
87,80
32,80
32,80
87,80
87,80
32,80
32,80
32,80
15,80
32,80
32,80
32,80
32,80
163,80
32,80
15,80
32,80
216,80
87,80
32,80
183,80
32,81
32,80
81,32
32,81
122,80
32,80
32,80
32,80
116,80
32,80
81,80
32,80
32,80
32,80
85,80
80,116
80,116
80,87
80,32
80,32
80,87
80,87
80,87
80,170
80,32
81,80
32,80
81,80
80,94
80,87
32,80
81,80
81,80
81,80
80,87
80,87
80,87
81,80
81,80
80,94
81,80
80,87
32,80
81,80
80,116
81,80
81,80
81,80
80,116
81,80
32,80
81,80
124,80
81,80
116,80
124,80
124,80
87,80
81,80
81,80
81,80
32,80
81,80
87,80
87,80
32,80
80,124
32,32
32,80
116,80
81,80
116,80
80,87
32,80
80,87
32,80
32,80
32,80
80,101
80,32
80,32
80,32
32,80
80,87
32,80
80,87
80,124
80,87
80,87
32,80
80,87
80,124
80,87
122,80
80,124
80,124
32,80
80,124
124,80
32,80
80,116
32,80
81,80
32,22
81,80
80,87
80,194
80,32
116,80
32,80
32,80
116,80
81,80
32,80
81,80
32,80
124,80
32,32
32,80
80,32
87,80
87,80
32,80
85,80
80,194
87,80
116,80
81,80
81,80
81,80
81,80
81,80
87,80
80,87
32,80
87,80
87,80
87,80
87,80
87,80
80,32
32,80
116,80
32,81
80,32
116,80
32,81
80,81
32,80
80,32
32,80
80,202
81,80
32,80
32,80
32,80
32,80
81,80
81,80
32,80
80,86
32,80
32,80
81,80
81,80
81,80
32,80
81,80
81,80
32,80
32,80
80,194
32,87
80,32
87,80
81,80
81,80
32,80
170,80
116,80
80,129
32,80
116,80
32,80
81,80
32,80
32,80
80,32
153,80
80,87
85,80
194,80
85,80
80,87
32,80
143,80
32,80
32,80
32,80
80,87
32,80
80,122
81,80
80,81
32,80
80,116
32,80
143,80
87,80
80,87
87,80
81,80
194,80
80,87
32,80
32,80
124,80
32,80
116,80
32,80
32,80
32,80
80,87
32,80
32,80
32,80
32,80
80,46
32,80
32,80
80,116
32,80
32,32
81,80
81,80
32,80
80,87
85,80
80,87
116,80
32,80
125,55
116,80
80,22
80,22
32,80
80,116
32,32
32,80
194,80
32,87
32,80
81,80
32,80
81,80
32,80
80,32
32,80
81,80
32,80
81,80
81,80
81,80
81,80
32,80
81,80
32,80
194,80
32,80
81,80
194,80
81,80
32,80
32,80
32,80
32,80
32,80
30,80
81,80
81,80
170,80
170,80
170,80
81,80
81,80
81,80
32,80
81,80
81,80
124,80
196,80
153,80
81,80
81,80
81,80
170,80
81,80
32,80
116,80
81,80
32,80
116,80
30,80
81,80
53,86
87,80
53,86
81,80
81,80
81,80
170,87
81,80
81,80
81,80
81,80
32,80
81,80
81,80
32,80
116,80
118,109
81,80
118,109
32,80
32,80
81,80
32,80
81,80
81,80
32,80
81,80
81,80
32,80
116,80
87,80
116,80
194,80
81,80
81,80
116,80
116,80
124,80
194,80
194,80
32,80
153,80
32,80
32,80
32,80
30,80
116,80
124,80
32,80
194,80
119,80
81,80
81,80
32,80
32,80
30,80
196,80
81,80
191,80
81,80
81,80
32,80
116,80
32,80
81,80
81,80
81,80
32,80
81,80
32,80
81,187
30,80
81,80
32,80
32,80
32,80
32,80
32,80
32,80
81,80
81,80
81,80
81,80
81,80
81,80
32,80
32,80
32,80
32,80
116,80
81,80
81,80
81,80
32,80
32,80
32,80
32,80
32,80
32,80
32,80
32,80
194,80
32,80
32,80
32,80
32,80
32,80
116,80
124,80
116,80
124,80
81,80
81,80
81,80
32,80
124,80
81,80
81,80
81,80
32,80
32,80
116,80
87,80
194,80
87,32
81,80
32,80
32,80
32,80
32,80
81,80
81,80
32,87
116,80
196,80
87,80
81,80
93,80
143,80
32,80
32,80
81,80
81,80
32,80
116,80
81,80
81,80
116,80
194,80
194,80
194,80
81,80
122,80
81,80
196,80
87,196
81,80
81,80
81,80
81,80
81,80
32,80
32,80
32,80
81,80
87,80
32,80
116,80
170,80
81,80
116,80
112,80
112,80
87,80
90,80
180,80
116,80
116,80
32,80
81,80
32,80
32,80
81,80
81,80
116,80
225,80
124,80
32,80
32,80
32,80
194,80
194,80
32,80
15,80
32,80
32,80
32,80
32,80
32,80
32,80
32,80
112,80
39,80
81,80
81,80
81,80
32,80
81,80
93,80
194,80
32,80
194,80
32,80
32,80
81,58
32,80
32,80
32,80
32,171
124,81
32,80
32,80
81,180
180,80
194,80
81,80
32,87
32,80
32,87
116,80
185,80
81,80
81,80
185,80
81,80
32,80
32,80
81,80
81,80
81,80
81,80
81,80
81,80
81,80
81,80
81,80
81,80
81,80
81,80
81,80
81,80
81,80
81,80
32,80
32,80
32,177
32,80
32,80
81,80
81,80
81,80
81,80
81,80
116,80
32,80
32,80
32,80
81,80
81,80
81,80
81,80
81,80
81,80
81,80
81,80
81,80
81,80
81,80
32,80
81,80
81,80
116,80
185,80
32,80
81,80
87,80
124,80
32,80
32,80
81,80
32,80
32,80
32,80
32,80
32,80
32,80
32,80
32,80
32,80
32,80
124,80
32,80
32,80
32,80
81,80
81,80
124,80
87,80
32,80
196,80
196,80
81,80
81,80
185,80
81,80
124,80
124,80
194,80
116,80
87,80
32,80
80,180
32,81
80,87
80,180
32,80
80,180
80,87
80,87
81,137
80,32
80,184
80,81
32,80
80,32
32,80
116,80
80,32
32,80
194,80
80,81
80,81
194,80
194,80
194,80
81,80
80,81
194,80
80,32
81,80
80,81
80,32
80,81
194,80
32,80
80,32
32,80
80,32
32,106
80,22
81,80
116,80
80,32
80,32
85,80
93,80
81,80
81,80
80,150
80,32
32,80
32,80
80,204
87,80
81,80
32,80
116,80
32,80
32,80
32,80
32,80
116,80
196,80
124,80
196,80
81,80
81,80
116,80
32,80
116,80
32,80
113,80
32,80
15,80
32,80
81,80
81,80
32,80
81,80
32,80
32,80
81,80
81,80
32,80
87,80
81,80
116,80
32,80
50,80
32,80
170,80
85,80
80,81
80,180
87,80
32,80
81,80
32,80
32,80
32,80
81,80
87,80
170,80
80,112
32,80
100,80
32,80
32,80
87,170
81,80
80,32
52,80
81,80
81,80
81,80
80,81
81,80
87,80
87,80
32,80
80,194
15,80
194,80
32,80
87,80
32,80
81,80
80,81
87,80
80,81
32,80
32,80
87,80
24,80
80,180
24,80
116,80
80,81
87,80
87,80
81,80
80,81
80,81
81,80
80,81
80,81
32,80
80,81
87,80
170,80
80,171
80,32
32,133
124,80
80,113
87,81
80,87
81,80
80,87
116,80
81,80
80,81
80,81
30,80
80,81
80,81
80,81
81,124
81,87
116,80
116,80
32,80
32,80
81,80
15,80
81,80
81,80
122,80
80,81
122,80
116,80
80,32
80,180
80,32
122,80
80,81
87,80
80,180
80,180
80,180
80,32
81,80
80,180
80,180
80,185
80,81
80,81
194,80
80,32
81,80
80,32
80,32
80,81
80,81
80,116
80,32
80,145
32,80
81,80
32,80
87,80
32,80
32,80
32,80
32,80
81,80
170,80
32,80
81,80
81,80
81,80
32,80
90,80
80,87
170,80
124,80
87,80
122,80
122,80
87,80
122,80
122,80
116,80
32,80
81,80
81,80
81,80
32,80
32,80
81,80
81,80
116,80
124,81
81,80
32,80
81,80
81,80
124,80
32,80
32,80
80,116
81,187
124,80
32,80
124,80
124,80
80,81
81,80
122,80
124,80
80,81
122,80
32,80
80,86
122,80
80,86
81,80
80,87
81,227
87,80
32,80
122,80
122,80
81,80
122,80
122,80
80,32
80,32
32,80
80,40
80,32
122,80
116,80
87,80
194,32
32,80
124,80
87,80
32,80
32,80
32,80
81,80
32,80
32,86
80,48
80,32
80,32
32,80
80,32
80,32
80,32
80,113
80,32
80,32
81,223
32,80
32,80
32,80
32,80
32,80
213,80
81,80
81,80
32,80
32,80
81,80
32,97
32,191
32,196
32,80
32,80
196,80
32,80
32,80
32,80
32,80
170,80
170,80
170,80
87,80
170,80
87,80
87,80
170,80
87,80
81,32
32,80
32,80
32,80
32,80
32,80
32,80
32,80
124,80
122,80
32,80
87,80
87,80
116,80
81,80
81,80
32,80
81,80
32,80
32,80
81,80
81,80
81,80
32,80
32,80
170,80
32,80
32,80
32,80
170,80
9,80
32,80
170,80
81,80
81,80
87,80
170,80
87,170
87,80
87,80
87,80
87,80
81,80
81,80
87,80
81,80
15,80
32,80
32,80
87,80
87,80
213,80
87,80
87,80
87,80
81,80
81,80
81,80
124,81
9,80
32,80
87,80
87,80
116,80
122,80
116,80
143,80
87,80
116,80
56,80
191,80
32,80
81,80
32,80
32,80
87,80
32,80
81,80
32,80
93,87
32,87
32,80
32,80
32,80
32,80
81,80
87,80
196,80
81,87
81,80
81,80
81,80
32,80
81,80
32,80
81,80
81,80
81,80
81,80
87,80
81,80
32,80
32,80
81,80
81,80
32,80
81,80
81,80
81,80
122,80
170,80
170,80
32,80
81,80
81,80
116,80
81,80
170,80
81,80
81,80
170,80
170,80
50,80
81,80
213,80
216,80
200,80
32,80
86,80
196,80
81,80
170,80
32,80
32,80
87,80
32,80
32,80
70,32
81,81
81,80
32,80
81,80
81,80
32,80
81,80
32,80
81,80
81,80
124,80
9,80
9,80
81,80
81,80
87,80
117,80
116,80
213,80
81,80
81,117
81,80
81,80
143,81
81,160
32,80
81,80
49,80
81,80
214,108
81,80
194,80
81,187
81,80
124,80
81,80
32,80
87,80
116,80
122,80
81,80
81,80
122,80
81,80
122,80
170,80
143,80
170,80
81,80
116,80
81,80
81,80
32,80
116,80
81,80
81,80
81,80
170,80
32,80
94,80
81,80
32,80
162,80
81,80
32,80
81,80
168,80
30,80
81,80
81,80
124,80
124,80
94,80
81,80
143,80
81,80
81,80
81,80
94,80
81,80
72,80
87,80
81,80
81,80
194,80
81,160
122,80
81,80
32,80
32,80
81,80
81,80
81,80
124,80
143,80
143,80
81,80
116,80
87,80
49,80
124,80
81,124
124,80
87,80
81,80
196,80
81,80
81,80
170,81
81,80
81,80
81,80
124,80
81,80
191,80
81,80
81,80
81,80
32,80
32,80
81,80
81,80
170,80
170,80
170,80
170,80
32,80
168,80
113,80
81,80
81,80
32,80
32,80
81,80
81,80
81,80
81,80
170,80
196,80
170,80
81,80
81,80
81,80
32,80
81,80
81,80
81,116
124,81
143,80
196,80
124,80
81,80
81,80
32,80
32,80
32,80
32,80
32,80
194,80
81,80
32,80
32,80
196,80
32,80
32,80
81,80
124,80
32,80
124,80
81,80
194,80
81,80
81,80
32,80
81,80
81,80
32,80
116,80
87,80
124,80
196,80
124,80
124,80
81,80
124,80
194,80
22,80
81,80
22,81
32,80
144,80
32,80
32,80
32,80
81,80
81,80
81,80
81,80
150,80
81,80
81,80
32,80
32,80
81,160
116,80
124,80
143,80
124,80
143,80
32,80
32,80
32,80
32,80
32,80
170,80
170,80
170,80
81,80
143,80
81,80
81,80
81,80
81,80
32,80
32,80
32,80
32,80
81,80
32,80
32,80
81,80
81,80
81,80
32,80
194,80
194,80
81,80
81,80
81,80
81,80
116,81
32,80
32,80
32,80
32,80
32,80
87,80
32,80
32,80
173,167
116,80
170,80
81,80
81,80
32,80
194,80
81,80
32,80
87,80
81,80
81,80
81,80
32,80
32,80
32,80
32,80
32,80
32,80
190,4
32,80
170,80
170,80
81,80
32,81
81,80
81,80
81,80
81,80
81,80
32,80
81,80
81,80
81,80
81,80
81,80
170,80
81,80
81,80
81,80
81,80
32,80
32,80
32,80
143,80
81,80
87,80
190,211
81,80
116,80
81,160
81,80
143,80
30,80
32,80
81,80
81,80
81,80
32,80
81,80
32,80
116,80
81,80
81,80
81,80
81,80
81,80
81,80
116,80
81,80
32,80
81,80
81,80
143,80
32,80
116,80
116,80
116,80
87,80
143,80
81,80
170,80
124,80
124,80
81,80
196,80
81,80
81,80
81,80
81,80
81,80
116,80
81,80
32,80
81,80
81,80
81,80
81,80
124,80
124,80
143,80
122,81
30,80
32,80
32,80
122,80
30,80
116,80
30,80
81,80
116,80
116,80
116,80
116,80
116,80
116,80
100,80
93,80
81,80
32,80
81,80
81,80
32,80
81,80
81,80
143,80
32,80
32,80
81,80
116,80
32,80
143,80
86,80
116,80
32,80
87,80
32,80
9,80
81,80
32,80
32,80
113,80
32,80
32,80
32,80
81,80
81,80
32,80
81,80
196,80
87,80
81,80
143,80
81,80
32,80
81,80
81,80
32,80
32,80
191,80
32,80
32,80
191,80
32,80
143,80
194,80
81,80
32,80
32,80
81,80
81,87
32,80
32,80
32,80
32,80
32,80
81,80
81,80
32,80
32,80
116,80
32,80
116,80
81,80
81,80
143,80
32,80
32,80
81,80
32,80
87,80
81,80
81,80
77,80
81,80
32,80
32,80
77,80
116,80
32,80
32,80
87,80
32,80
81,80
116,80
32,124
81,80
124,32
81,80
124,80
191,80
32,80
32,80
81,80
32,80
81,124
194,80
32,80
194,80
124,80
32,80
81,80
143,80
81,80
81,80
81,80
32,80
32,80
81,80
81,80
81,80
81,80
81,80
116,80
81,80
81,80
81,80
81,80
81,80
81,80
81,80
81,80
81,80
81,80
81,80
81,80
32,80
81,80
32,80
170,80
170,80
81,80
170,80
81,80
81,80
81,80
81,80
81,80
143,80
143,80
32,80
81,80
81,80
32,80
81,80
81,80
87,80
32,80
81,80
81,80
81,80
81,80
170,80
32,80
124,81
32,80
196,80
32,80
81,80
32,80
196,80
81,80
116,80
32,80
81,80
81,80
81,80
168,80
81,80
116,80
32,80
81,80
81,80
81,80
81,80
32,80
93,80
81,80
81,80
143,80
180,80
180,80
143,80
180,80
81,80
81,80
81,80
81,80
81,80
124,80
86,80
32,86
32,80
32,80
81,80
87,80
143,80
87,80
32,80
202,80
165,80
87,80
116,80
116,80
116,80
169,80
87,80
194,80
194,80
81,80
194,80
32,80
81,80
81,80
32,80
32,80
32,80
194,80
194,80
194,80
170,80
32,80
150,80
170,80
170,80
194,80
194,80
116,80
180,80
116,80
194,80
194,80
194,80
194,80
87,80
194,80
87,80
81,80
194,80
32,80
32,80
81,80
194,80
32,80
32,80
194,80
81,80
124,80
32,80
170,80
185,80
143,80
81,80
87,80
32,80
168,80
170,168
81,80
81,80
180,80
143,80
148,80
194,80
196,80
32,80
37,80
81,80
81,80
170,80
81,80
32,116
32,80
81,80
81,80
81,80
32,80
81,80
81,80
87,80
81,80
194,80
81,80
81,80
170,80
32,80
81,80
32,80
116,32
116,80
116,80
32,80
81,80
81,80
116,32
81,80
116,32
81,80
131,80
116,80
81,80
81,80
32,80
81,80
32,80
32,80
148,80
141,80
148,80
81,80
81,80
32,80
81,80
32,80
32,80
81,80
194,80
120,80
32,80
194,80
32,80
32,80
32,80
81,80
81,80
81,80
116,80
194,80
81,80
124,80
116,80
32,80
81,80
81,80
81,80
81,80
81,80
194,80
32,80
81,80
63,80
81,80
116,80
116,80
194,80
63,80
81,80
170,80
81,80
170,80
194,80
32,80
32,80
143,80
32,80
113,80
81,80
194,80
194,80
87,80
81,80
32,80
32,32
124,80
32,80
194,80
81,80
81,80
116,80
32,80
32,80
32,80
87,80
81,80
144,80
87,80
87,80
124,80
73,80
81,80
210,116
81,80
32,80
32,80
32,80
81,80
81,80
81,80
81,80
81,80
81,80
81,80
81,80
81,160
81,80
81,80
81,80
87,80
87,80
87,80
32,80
81,80
81,80
81,80
81,80
32,80
81,80
124,81
32,80
81,80
87,80
32,80
87,80
87,80
81,80
81,80
87,80
87,80
87,80
81,80
32,80
81,80
81,80
32,80
81,80
87,80
81,80
81,80
81,80
86,80
32,80
32,81
87,80
124,80
32,80
32,80
81,80
81,80
194,80
32,80
87,80
32,80
116,80
30,80
87,80
12,80
87,80
124,80
116,80
87,80
81,80
157,80
87,80
170,57
170,57
81,80
32,80
116,80
81,80
81,80
32,80
194,80
194,80
87,80
32,80
194,80
150,80
81,80
150,80
87,80
116,80
32,80
87,80
143,80
169,80
81,80
124,80
81,80
81,80
94,80
116,80
87,80
77,80
94,80
194,80
77,80
143,80
194,80
87,80
87,80
87,80
32,80
32,80
87,80
87,80
87,80
116,80
124,80
81,80
116,80
81,80
81,129
32,80
81,80
116,80
170,80
87,80
81,80
170,80
170,80
81,80
81,80
87,80
81,80
81,80
32,80
32,80
81,80
81,80
46,80
94,80
77,80
87,80
87,80
94,80
94,77
77,94
178,80
87,80
87,80
87,80
81,80
87,80
94,77
87,80
101,80
87,80
87,80
87,80
87,80
87,80
87,80
32,80
81,80
81,80
46,80
87,80
87,80
81,80
46,80
124,80
81,80
32,80
81,80
81,80
87,80
81,87
87,80
46,80
87,80
81,80
81,80
81,80
194,80
122,80
122,46
194,80
116,80
81,80
143,80
46,80
81,80
81,80
32,80
81,80
81,80
32,80
87,80
32,80
32,80
32,80
180,80
116,80
32,80
32,80
32,80
81,80
22,80
22,80
22,80
32,80
124,81
81,80
30,80
22,80
81,80
81,80
81,80
156,80
194,80
81,80
81,80
81,80
81,80
180,80
81,80
180,80
180,80
32,80
180,80
170,80
32,80
87,80
170,80
32,80
81,80
81,80
87,80
87,80
87,80
87,80
81,80
87,80
32,80
81,80
81,80
81,80
93,87
81,80
116,80
81,80
30,80
32,80
81,160
32,80
32,80
124,80
116,80
81,80
124,80
185,80
85,80
116,80
124,80
81,80
87,80
87,80
81,80
81,80
107,80
32,80
225,80
32,80
87,80
87,80
81,80
87,80
87,80
143,80
87,80
194,80
124,80
32,80
81,80
81,80
194,80
194,80
32,80
81,80
81,80
81,80
81,80
32,80
180,80
180,80
32,80
32,80
81,80
32,80
170,80
32,80
87,80
116,80
116,80
87,80
87,80
87,80
185,60
32,80
32,35
32,80
116,80
32,80
32,80
32,80
194,80
194,80
32,80
32,80
32,140
32,80
32,80
32,80
81,80
87,80
32,80
87,80
170,80
32,80
32,80
32,80
81,80
81,80
81,80
216,80
105,80
81,80
156,80
180,80
81,80
156,80
32,156
81,80
81,80
204,80
81,80
143,80
32,80
81,80
81,80
81,80
81,80
204,80
81,80
32,80
180,80
105,80
112,80
81,80
87,80
81,80
180,80
32,80
194,80
32,80
105,80
87,80
87,80
180,80
32,80
124,80
32,80
32,80
180,80
32,80
81,80
168,80
116,80
116,80
204,80
32,80
87,80
87,80
81,80
81,80
32,80
32,80
87,80
112,80
32,80
185,80
32,80
87,80
87,80
174,80
32,80
32,80
87,80
32,80
194,80
194,80
81,80
32,80
32,80
81,80
87,80
81,80
81,80
81,80
135,80
81,80
32,80
81,80
81,80
32,80
81,80
81,80
194,80
168,80
194,80
116,80
87,80
87,80
87,80
87,80
87,80
32,80
81,80
116,80
81,80
105,80
105,124
81,80
86,80
87,80
63,80
87,80
32,80
81,160
32,80
87,80
81,161
87,80
122,80
87,80
32,80
32,80
116,80
116,80
63,80
122,80
32,80
122,80
32,80
116,80
122,80
116,80
81,80
169,80
32,80
32,80
81,80
81,80
32,80
81,160
81,80
180,80
32,80
32,80
180,80
180,80
180,80
32,80
180,80
180,80
180,80
180,80
81,80
32,80
32,80
32,80
32,80
87,80
32,80
32,80
184,80
81,80
81,80
81,80
81,160
185,80
81,80
87,80
81,80
81,80
81,80
32,133
191,80
81,80
81,80
32,80
194,80
196,81
32,80
194,80
124,81
32,80
32,80
32,80
81,80
81,80
32,80
81,80
81,80
32,80
194,80
116,80
32,80
180,80
87,80
165,80
81,80
122,80
81,80
145,80
32,80
87,80
87,80
32,80
32,80
168,145
32,80
81,160
81,32
32,81
32,80
32,80
32,80
124,80
81,80
116,80
144,80
81,80
194,80
32,80
87,80
124,80
124,80
122,80
48,80
48,80
32,80
32,80
116,80
32,80
32,80
32,80
32,80
32,80
32,80
32,80
32,80
32,80
32,80
32,80
225,80
81,80
32,80
81,80
81,80
87,80
10,80
86,80
124,80
32,80
75,208
81,80
81,80
75,208
32,80
32,81
87,80
81,80
81,32
32,80
81,80
81,80
87,80
32,80
87,80
87,80
32,80
194,80
194,80
81,106
32,80
116,80
87,80
105,80
105,80
105,80
15,80
94,80
194,80
194,80
30,80
194,80
30,80
30,80
194,80
194,80
194,80
94,80
87,80
87,80
87,80
194,80
81,80
105,80
87,80
194,80
81,80
80,194
124,80
194,80
87,80
194,80
194,80
194,80
194,80
87,80
81,80
81,80
194,80
180,80
116,80
116,80
116,80
150,80
81,80
81,80
81,80
168,80
135,80
81,80
32,80
168,80
144,80
116,80
32,80
87,168
32,80
124,80
32,80
81,80
87,80
32,80
124,80
87,80
185,80
185,80
180,80
87,80
105,80
124,80
135,80
148,80
32,80
32,80
170,80
81,80
32,80
32,80
32,80
105,80
105,80
105,80
87,80
87,80
81,80
81,80
32,80
32,80
81,80
32,80
32,80
124,80
87,80
87,80
32,80
194,80
87,80
194,80
194,80
194,80
194,80
194,80
87,80
32,80
194,80
81,80
87,80
194,80
194,80
87,80
116,80
81,80
116,80
194,80
194,80
81,80
194,80
194,80
87,80
32,80
116,80
112,80
87,80
194,80
194,80
105,80
32,80
170,80
124,80
124,80
87,80
94,80
87,80
194,80
87,80
87,80
87,80
32,80
32,80
87,80
81,80
180,80
81,80
87,180
116,80
32,80
32,146
32,80
135,80
81,80
180,87
87,80
116,80
194,80
32,80
170,87
32,80
194,80
194,80
87,80
32,80
32,80
105,80
81,80
194,80
194,80
32,80
32,80
194,80
87,80
180,80
16,80
87,80
32,80
32,80
81,80
32,80
81,80
81,80
194,80
81,80
81,80
194,80
194,80
194,80
32,80
75,208
81,160
81,80
81,80
32,80
32,80
81,160
81,80
81,80
81,80
81,80
87,80
32,80
75,74
32,80
81,80
81,80
81,80
122,80
194,80
194,80
116,80
32,80
194,80
87,80
73,80
87,80
122,80
32,80
87,80
32,80
32,80
194,80
32,80
122,80
81,80
81,80
122,80
87,80
185,80
180,80
32,80
32,80
112,80
32,80
32,80
32,80
32,80
87,32
32,80
196,80
196,80
216,80
196,80
194,80
122,80
105,80
116,80
116,80
22,80
81,22
124,81
194,80
185,80
194,80
194,80
194,80
81,80
32,80
81,80
32,80
81,80
81,80
81,80
170,80
42,80
32,80
93,87
86,80
87,80
81,80
32,80
194,80
194,80
124,80
32,80
196,80
175,80
81,80
81,80
32,80
135,80
42,80
124,80
135,80
81,80
87,80
42,80
32,80
32,80
32,80
32,80
32,80
170,80
180,80
34,80
196,80
194,80
194,80
122,80
32,80
81,80
81,80
87,80
32,80
81,80
81,80
81,80
87,80
81,80
196,80
116,80
81,80
25,80
194,80
81,80
144,80
124,80
149,80
81,80
116,80
124,80
32,80
124,80
112,80
112,80
116,80
105,80
105,80
32,80
112,80
32,80
194,80
32,80
81,80
32,80
194,80
112,80
32,80
112,80
81,80
81,112
87,80
81,80
32,80
81,32
87,80
32,80
32,81
87,80
87,80
32,80
32,80
32,80
32,80
32,80
32,80
81,80
81,80
196,80
170,80
81,80
81,80
81,170
32,80
105,60
143,80
32,80
81,80
32,80
32,80
32,80
81,80
87,80
87,80
87,80
87,80
32,80
32,80
87,80
81,80
81,80
32,80
81,80
81,80
81,80
81,80
87,80
32,80
81,80
81,80
81,80
81,80
116,80
87,80
216,80
63,80
180,80
66,80
116,80
116,80
32,80
32,80
32,80
180,80
32,80
81,80
87,80
81,80
116,80
116,80
122,32
32,80
81,80
81,80
32,80
112,80
32,80
32,80
32,80
112,80
32,80
81,80
63,80
81,80
32,80
32,80
81,80
194,80
81,80
81,80
81,137
81,80
32,80
81,80
32,80
86,80
32,80
87,80
87,80
32,80
81,80
194,80
32,80
32,80
142,80
170,80
32,80
87,80
87,80
32,80
210,80
16,80
16,80
180,80
170,80
32,80
194,80
32,80
81,80
81,80
32,80
170,80
32,80
81,80
81,80
87,80
87,80
87,80
32,80
81,80
122,80
87,80
87,80
87,81
87,80
87,80
87,80
87,80
87,80
87,80
87,80
87,80
87,80
194,80
105,80
180,80
180,80
87,80
41,80
116,80
81,80
116,80
116,80
81,80
81,80
185,80
41,87
170,80
32,80
32,80
81,80
32,80
87,80
194,80
105,80
124,80
124,80
105,23
116,80
112,80
87,80
81,80
81,80
81,80
32,80
32,80
170,80
87,80
170,80
87,80
81,80
194,80
105,80
32,80
116,80
81,80
32,80
32,80
143,80
32,80
32,80
87,80
87,80
81,80
81,80
87,80
116,80
81,80
87,80
87,80
87,80
32,80
32,80
81,80
81,80
81,80
81,80
32,80
81,80
116,80
87,80
81,80
194,80
194,80
194,80
194,80
32,80
144,80
116,80
87,80
32,80
32,80
32,32
112,80
32,59
116,80
194,80
32,80
116,80
170,80
32,80
87,80
81,80
32,80
81,80
81,80
81,80
194,80
87,80
32,80
87,80
87,80
194,80
87,80
87,80
87,80
124,80
87,80
87,80
194,80
81,80
87,80
87,80
87,80
194,80
194,80
194,80
205,80
194,80
205,80
194,80
81,80
32,80
87,80
143,80
194,80
81,80
194,80
81,80
32,32
105,80
87,80
81,80
87,80
87,80
81,80
81,80
81,80
32,80
180,80
112,80
32,80
32,80
32,80
116,80
81,80
81,80
81,80
148,80
87,80
81,80
81,80
81,80
170,80
15,80
180,80
148,80
116,80
143,80
10,80
142,80
81,80
105,168
105,80
32,105
105,80
194,80
32,80
88,14
87,80
180,80
81,80
180,80
32,80
122,32
122,80
32,122
122,80
122,80
32,80
32,81
32,80
87,80
81,32
194,80
194,80
194,80
87,80
81,80
32,80
87,80
143,80
87,80
194,80
32,80
194,80
32,80
87,80
32,80
87,80
87,80
87,80
81,80
180,80
87,80
81,80
32,80
81,80
180,80
87,80
81,80
182,80
124,80
194,80
87,80
32,80
32,80
116,80
87,80
87,80
180,80
32,80
116,80
180,80
32,80
170,80
32,80
87,80
124,80
170,80
170,80
87,170
87,80
87,80
15,80
112,80
87,80
124,80
116,80
112,80
112,80
32,80
142,80
143,80
180,80
143,80
113,80
87,80
81,80
116,80
116,80
81,80
122,80
32,80
105,80
87,80
87,80
32,80
170,80
180,80
81,80
194,80
87,80
87,80
32,80
122,80
87,80
194,80
32,80
87,80
81,80
32,80
32,80
81,80
32,80
81,80
87,80
194,80
116,80
116,80
81,80
81,80
81,80
81,80
81,80
81,80
116,80
87,80
87,80
81,87
81,116
116,81
116,80
116,80
124,116
194,80
87,80
116,80
81,80
81,80
32,80
32,80
81,80
205,80
87,80
32,80
124,80
87,80
170,80
87,80
194,80
124,80
81,80
124,81
116,80
81,124
105,80
205,80
116,80
32,80
12,80
87,80
87,80
87,80
87,80
87,80
124,80
32,80
87,80
87,80
87,80
87,80
32,80
81,80
194,80
87,80
32,80
32,80
63,80
122,80
32,80
124,80
87,80
32,80
87,80
32,80
32,80
32,80
81,80
81,80
87,80
81,80
81,80
87,80
116,80
116,80
116,80
105,80
143,80
116,80
87,80
142,80
81,80
194,80
105,135
63,80
32,115
87,80
32,80
32,80
32,80
32,80
32,80
32,80
170,80
32,80
81,80
32,80
32,80
32,80
32,80
168,80
93,87
32,80
194,80
168,80
81,80
81,80
87,80
87,80
87,80
87,80
87,80
87,80
87,80
194,80
81,80
124,80
87,80
87,80
32,80
32,80
87,80
81,80
32,80
168,80
143,80
216,80
87,80
105,80
87,80
87,80
116,80
81,80
32,80
32,32
87,80
32,80
87,80
170,80
87,80
32,80
87,80
81,80
87,80
81,80
87,80
87,80
87,80
32,80
225,80
87,80
87,80
87,80
81,80
81,80
205,80
87,80
194,80
77,80
81,80
81,80
81,80
81,80
87,80
87,80
81,80
81,80
32,80
81,80
87,80
194,80
81,80
81,80
87,80
32,80
81,80
81,80
81,80
81,80
124,80
32,80
87,80
81,80
87,80
143,80
124,80
32,80
32,80
105,80
32,80
32,80
32,80
105,80
140,99
87,80
87,80
87,80
87,80
87,80
124,80
124,80
87,80
81,80
124,80
32,80
194,80
32,80
81,80
81,80
124,81
116,80
87,80
122,80
122,80
32,80
194,80
32,80
122,80
122,80
205,80
156,80
32,80
32,80
87,80
87,80
32,80
128,80
32,80
32,198
32,80
32,80
81,80
194,80
194,80
87,80
87,80
81,80
32,80
194,80
194,80
194,80
194,80
194,80
194,80
32,80
32,80
32,80
32,80
32,80
32,80
124,80
87,80
32,80
32,80
32,80
81,80
32,80
81,80
32,80
32,80
170,80
170,80
32,80
32,80
81,80
32,80
124,80
30,80
144,80
87,80
143,80
194,80
32,32
81,80
32,80
225,80
32,80
116,80
87,80
116,80
81,80
124,80
144,80
116,80
124,80
116,80
81,80
124,80
194,80
156,80
81,80
32,80
32,80
32,80
116,80
32,80
32,80
32,80
32,80
87,80
116,80
197,80
22,80
87,80
87,80
81,80
180,80
87,80
87,80
194,80
116,80
87,80
116,80
32,145
87,80
32,80
32,80
32,80
81,80
194,80
81,80
81,80
16,80
194,80
87,80
16,80
32,80
194,80
144,80
32,80
185,80
116,80
194,80
194,80
87,80
196,80
87,80
32,80
116,80
87,80
87,80
32,80
16,19
32,80
87,80
81,80
81,80
81,80
81,80
87,80
194,80
81,80
81,80
87,80
32,80
87,80
87,80
10,80
124,80
124,80
87,80
116,80
81,80
81,80
87,80
87,80
87,80
87,80
81,80
87,80
87,80
81,80
81,80
81,80
194,80
194,80
87,80
116,80
105,80
87,80
87,80
32,80
180,80
32,80
180,80
32,80
81,80
180,80
32,80
170,80
87,80
81,80
16,80
87,170
87,80
87,80
32,80
87,80
30,80
77,80
77,80
87,80
180,80
32,80
32,80
77,80
87,80
81,80
81,80
32,80
81,80
81,80
81,80
81,80
16,80
87,80
87,80
87,80
87,80
87,80
170,80
87,80
87,80
81,80
87,80
87,80
32,80
81,80
81,80
32,80
170,80
81,80
170,80
81,80
32,80
81,80
87,80
87,80
81,80
180,80
180,80
116,80
32,80
81,80
81,80
180,80
81,80
176,80
87,170
81,80
87,80
77,80
87,80
87,80
81,80
87,80
81,80
81,80
194,80
87,80
87,80
87,80
170,80
87,80
81,80
87,80
87,80
32,80
32,80
32,80
194,80
194,80
87,80
170,80
87,80
87,80
170,80
87,80
32,80
150,80
81,80
116,80
116,80
116,80
32,80
81,80
81,80
32,80
32,80
87,80
87,80
32,80
180,80
32,180
196,80
194,80
30,80
124,80
32,80
150,80
124,80
81,80
16,80
105,80
206,17
81,80
30,80
32,80
81,80
124,80
143,80
87,80
32,80
170,80
87,80
87,80
87,80
170,80
81,80
170,80
32,80
32,80
124,170
170,80
170,80
150,80
150,80
32,80
194,80
86,80
86,80
180,80
87,80
150,80
150,80
87,80
105,80
32,80
81,80
194,80
194,80
210,80
87,80
180,80
194,80
116,80
194,80
81,80
32,80
143,80
180,80
116,80
32,80
32,80
32,80
32,80
32,80
180,80
32,80
87,80
87,80
87,80
87,80
81,80
81,80
81,80
81,80
32,80
124,80
194,80
185,80
116,80
81,80
194,80
30,80
81,80
32,32
180,80
124,80
81,80
32,80
32,80
87,80
194,80
81,80
194,80
194,80
150,80
81,150
81,80
81,80
81,80
87,80
87,80
194,80
194,80
87,80
32,80
32,80
87,80
194,80
194,80
194,80
194,80
194,80
32,80
87,80
87,80
116,80
87,80
32,80
144,80
185,80
170,80
194,80
80,194
194,80
194,80
194,80
194,80
194,80
194,80
124,80
122,80
32,59
32,80
124,80
124,80
32,80
124,80
81,124
124,80
194,80
194,80
81,80
194,80
116,80
81,80
170,80
87,80
87,80
105,80
32,80
32,80
170,80
170,80
32,80
116,80
87,80
105,80
87,80
87,80
87,80
87,80
124,80
15,80
87,80
194,80
194,80
87,80
105,80
105,80
87,80
143,80
105,80
81,80
124,80
122,80
87,80
194,80
87,80
87,80
180,80
87,80
87,80
32,180
81,80
116,80
194,80
32,80
194,80
32,80
32,80
105,80
87,80
185,80
144,80
81,80
144,80
87,80
87,80
116,80
142,80
194,80
194,80
194,80
194,80
226,80
194,80
194,80
194,80
194,80
194,80
87,80
87,80
116,80
41,80
87,80
87,80
87,80
87,80
81,41
81,80
81,80
87,80
32,80
87,80
105,80
32,80
170,80
87,80
105,80
170,87
170,80
81,80
170,80
170,80
81,80
87,80
81,80
81,80
143,80
32,80
81,80
116,80
32,80
116,80
16,80
194,80
87,80
32,80
124,80
116,80
81,80
87,80
16,80
87,80
185,16
87,80
87,80
32,80
87,80
116,80
116,80
32,80
87,80
32,80
32,80
81,80
87,80
87,80
81,80
116,80
16,80
81,16
180,80
180,80
124,80
194,80
81,80
116,80
196,80
216,80
81,80
170,80
116,80
180,80
194,80
180,80
32,80
87,80
87,80
87,80
116,80
122,80
180,80
32,80
32,80
180,80
180,80
32,80
32,80
32,80
143,80
143,80
194,80
143,80
87,80
87,80
32,80
87,80
87,80
87,80
87,80
87,80
81,80
81,80
81,80
87,80
81,80
143,80
180,80
142,80
142,80
87,80
87,80
87,80
32,80
143,80
81,80
87,80
87,80
170,80
87,80
170,80
87,170
87,80
81,80
81,80
81,80
170,80
87,80
194,80
194,80
81,80
32,80
87,80
87,80
32,80
116,80
81,80
81,80
116,80
32,80
81,80
218,80
81,80
81,80
87,80
32,80
140,80
180,80
81,80
32,80
87,80
170,80
81,80
81,80
32,80
87,80
80,111
80,111
87,80
170,80
170,80
116,80
87,80
87,80
81,80
81,80
87,80
87,80
32,80
170,80
72,80
72,80
105,80
32,80
87,80
87,80
72,80
87,80
87,80
87,80
72,80
180,80
87,80
81,80
87,80
87,80
81,80
81,80
116,80
32,80
87,80
32,80
170,80
32,80
16,80
87,80
87,80
32,80
180,80
87,80
180,80
180,80
180,80
81,80
81,80
16,80
150,80
32,80
87,80
81,80
180,80
87,80
170,80
87,80
150,80
124,80
81,80
124,80
87,80
22,80
87,80
32,80
87,80
22,80
81,80
81,80
32,80
32,80
192,80
81,80
170,80
12,80
185,80
143,80
105,80
81,80
81,80
81,80
194,80
194,80
87,80
81,80
124,80
81,124
87,80
87,80
124,80
124,80
124,80
197,80
87,80
81,80
32,80
81,80
81,80
16,80
16,80
87,80
87,80
81,80
32,80
81,80
180,80
81,80
32,80
87,80
194,80
194,80
122,80
81,80
194,80
32,80
122,80
81,80
194,80
116,80
116,80
81,80
81,80
81,80
116,80
194,80
81,80
81,80
32,80
105,80
81,80
105,80
81,80
87,80
105,80
87,80
32,87
87,80
87,80
87,80
116,80
116,80
116,80
86,80
87,80
180,80
142,80
87,80
81,80
105,86
32,80
105,80
116,80
81,80
81,80
81,80
87,80
124,80
81,124
116,80
191,80
168,80
81,80
87,80
87,80
87,80
170,80
116,80
105,80
16,80
116,80
81,80
116,80
122,80
32,80
81,80
87,80
87,80
81,80
116,80
81,80
122,80
116,80
116,80
116,80
116,80
32,80
32,80
32,80
116,80
81,80
87,80
116,80
81,80
122,80
122,80
194,80
16,80
81,80
81,80
116,80
81,80
194,80
81,80
105,80
81,80
81,80
143,80
87,80
32,80
81,80
32,80
81,80
87,80
87,80
81,80
150,80
87,80
87,80
81,80
32,80
116,80
32,80
116,80
116,80
116,80
194,80
81,80
153,80
105,80
81,80
194,80
194,80
81,80
122,80
194,80
81,80
87,80
81,80
87,80
32,80
81,80
81,80
194,80
116,80
87,80
194,80
16,80
32,80
81,80
32,80
170,80
170,80
170,80
170,80
170,80
87,80
170,80
87,81
170,80
143,80
170,80
116,80
87,170
116,80
81,80
116,80
124,80
81,80
124,80
124,80
32,80
32,80
102,80
105,80
81,80
194,80
87,80
32,80
93,80
32,80
81,80
32,80
87,80
122,80
32,80
32,80
87,80
32,80
194,80
194,80
81,80
32,80
32,80
180,80
22,80
81,80
123,80
87,80
180,80
87,80
143,80
105,80
144,80
32,80
87,80
180,80
32,80
32,80
123,80
81,80
32,86
116,80
170,80
32,80
81,80
122,80
194,80
81,80
32,80
194,80
122,80
143,80
143,80
113,80
81,80
81,80
81,80
194,80
194,80
81,80
116,80
194,80
81,80
81,80
81,80
81,80
81,80
116,80
143,80
116,80
116,80
81,80
81,80
116,80
116,80
32,80
81,80
169,80
81,80
32,80
16,80
86,80
32,80
116,80
87,86
81,80
194,80
86,80
81,80
81,80
16,80
81,80
194,80
32,81
81,80
116,80
81,80
32,80
81,80
87,80
87,80
116,80
81,80
87,80
81,80
81,80
12,80
81,80
87,80
87,80
81,80
81,80
81,80
81,80
116,80
116,80
81,80
116,80
116,80
116,80
116,80
116,80
116,80
194,80
105,80
116,80
116,80
116,80
116,80
87,80
81,80
116,80
116,80
194,80
12,80
81,80
87,80
81,80
123,80
81,80
32,80
170,80
32,80
170,80
87,80
87,80
32,80
81,80
116,80
81,80
81,80
87,80
81,80
32,80
81,80
81,80
81,80
194,80
81,80
90,80
192,80
87,80
124,80
81,80
116,80
32,80
116,80
87,80
32,80
122,80
32,80
81,80
122,80
32,80
81,80
81,80
81,80
81,80
81,80
87,80
87,80
87,80
81,80
81,80
81,80
81,80
113,80
81,80
216,80
81,80
194,80
81,80
122,80
194,80
192,80
81,80
116,80
116,80
116,80
194,80
87,80
87,80
122,80
81,80
81,80
194,80
87,80
87,80
87,80
81,80
87,80
32,80
87,80
87,80
81,80
124,80
87,80
170,80
87,80
81,80
170,80
81,80
81,80
81,80
81,80
81,80
32,80
81,80
77,80
81,80
81,80
87,80
22,80
87,80
81,80
81,80
122,80
81,80
122,80
116,80
98,80
98,80
98,80
98,80
81,80
194,80
77,80
87,80
81,80
81,80
32,80
32,80
81,80
81,80
12,80
81,80
87,80
105,80
122,80
81,80
77,95
122,80
81,80
142,80
170,80
105,80
87,80
105,80
87,80
65,80
87,81
122,80
87,80
81,80
87,80
87,80
87,80
87,80
122,80
32,80
194,80
12,80
116,80
81,80
81,80
87,80
81,80
87,80
81,80
87,80
32,80
32,32
81,80
87,80
32,81
81,80
192,80
87,80
81,32
87,80
87,80
81,80
122,80
122,80
32,80
32,80
87,80
87,80
116,80
87,80
32,80
116,80
81,116
32,80
113,80
116,81
87,80
122,80
116,80
204,80
81,80
81,80
116,80
194,80
116,80
32,80
81,80
194,80
81,80
81,80
81,80
87,80
81,80
87,80
81,80
124,80
143,80
81,80
116,80
87,80
124,80
32,80
81,80
32,80
194,80
143,80
32,80
81,80
87,80
87,80
113,80
32,80
116,80
81,80
81,80
194,80
16,80
194,80
180,80
81,80
16,80
32,80
116,80
81,80
32,80
180,80
122,80
81,80
225,80
32,80
16,80
81,80
32,80
81,80
180,80
170,80
32,32
180,80
32,80
113,80
87,80
32,80
87,80
143,80
105,80
143,80
87,80
122,80
180,80
116,80
194,80
32,80
194,80
194,80
153,80
194,80
32,80
81,80
170,80
87,80
116,80
194,80
81,80
81,80
87,170
32,80
81,80
170,80
81,80
16,80
87,80
105,80
81,80
105,80
81,80
81,80
105,80
170,80
32,80
135,80
81,80
32,80
168,80
87,80
94,80
87,80
81,80
81,80
81,80
87,80
81,80
81,80
81,80
81,80
81,80
87,80
112,80
81,80
81,80
81,80
32,80
87,80
87,80
81,80
47,14
170,80
170,80
87,80
81,80
9,80
81,80
32,80
122,80
116,80
194,80
194,80
81,80
81,80
143,80
143,80
32,80
194,80
81,80
87,80
87,80
194,80
32,80
170,80
105,80
116,80
81,80
87,105
194,80
81,80
87,80
87,80
81,80
112,80
94,80
81,80
81,80
81,80
32,80
32,80
81,80
38,80
81,80
81,80
81,80
103,80
87,80
81,80
87,80
87,80
81,80
81,80
81,80
81,80
81,80
80,32
124,80
180,80
80,32
87,180
87,80
32,80
81,80
32,80
32,80
48,80
80,185
80,116
81,80
81,80
80,60
80,112
80,124
116,80
80,194
87,48
80,112
80,112
116,80
81,80
80,116
80,112
194,80
80,32
116,80
80,112
194,80
80,185
80,185
80,32
80,81
87,80
80,112
116,80
116,80
116,80
116,80
80,87
116,80
81,80
81,80
80,32
48,80
80,66
80,66
80,116
7,80
80,116
80,116
80,116
81,80
81,80
81,80
80,116
149,80
194,80
103,80
81,80
225,80
87,80
116,80
80,116
105,80
81,80
105,80
105,80
80,174
81,80
113,80
80,32
32,80
87,80
80,124
32,80
142,80
80,124
87,80
194,80
80,32
80,32
15,80
80,32
80,32
80,32
80,32
80,32
80,86
80,32
80,32
80,81
80,81
80,81
80,81
80,32
32,80
80,81
87,32
80,86
81,80
194,80
194,80
194,80
81,80
81,80
194,80
80,122
80,116
80,144
194,80
194,80
80,135
80,32
81,80
81,80
32,80
32,80
81,80
81,80
81,80
81,80
32,80
87,80
105,80
87,105
81,80
81,80
81,80
87,80
81,80
87,80
32,80
81,80
87,80
116,80
116,80
32,32
32,80
143,80
116,80
116,80
32,80
87,80
116,80
87,80
87,80
219,80
80,196
80,196
80,12
80,110
80,135
80,110
80,135
80,32
80,116
116,80
80,32
80,32
80,87
80,32
87,80
116,80
81,80
116,80
81,80
87,80
180,80
87,80
81,80
87,80
87,80
80,10
80,194
80,90
80,143
80,196
87,80
80,77
80,77
80,185
80,204
80,204
80,87
171,80
80,116
124,80
80,185
105,80
80,116
143,80
112,80
87,80
80,180
80,150
194,80
80,124
194,80
81,80
32,80
180,80
87,80
80,116
80,116
80,116
80,116
80,116
81,80
80,122
81,80
80,32
80,170
80,32
80,122
81,80
80,32
48,80
80,32
80,87
87,80
80,122
80,116
80,116
80,81
80,180
80,87
80,122
134,197
80,105
11,80
80,116
81,80
81,80
80,87
116,80
80,81
87,80
80,81
94,87
81,80
80,87
80,87
81,80
80,87
81,80
80,124
81,80
32,80
80,87
87,80
80,87
80,156
80,32
80,87
80,116
116,80
80,32
80,87
80,116
116,80
80,124
81,80
80,169
143,80
80,32
80,122
80,156
80,32
80,32
80,32
80,81
80,205
143,80
80,124
80,87
80,171
80,124
80,194
80,32
32,80
180,80
80,87
80,194
32,80
80,87
80,194
80,194
80,194
32,80
80,81
80,81
80,194
80,194
32,80
80,194
80,81
81,80
80,87
143,80
80,87
80,87
80,87
132,80
80,87
80,170
32,80
80,116
80,32
80,180
80,87
80,32
80,32
32,80
87,80
80,81
80,81
80,81
80,81
80,81
80,81
80,81
80,81
80,81
80,81
80,81
80,87
194,80
80,32
80,87
80,32
80,32
80,194
194,80
80,124
196,80
80,10
80,116
80,81
32,80
80,87
81,80
80,87
80,87
80,87
180,80
116,80
180,80
81,180
180,80
185,80
185,80
150,80
180,80
80,87
194,80
80,116
80,87
80,87
80,10
80,32
81,80
80,32
80,81
180,80
80,180
81,80
80,32
80,32
80,81
80,81
80,170
81,80
80,170
80,170
32,80
80,170
80,81
80,156
32,80
180,80
80,32
80,32
32,80
80,116
180,80
80,32
80,156
80,116
80,116
80,116
80,10
80,116
180,80
48,80
81,80
81,80
180,80
80,87
81,80
81,80
81,80
81,80
81,80
32,80
80,87
87,80
105,80
80,60
32,80
32,80
32,80
80,32
143,80
32,160
80,87
80,32
87,80
80,10
80,156
80,156
80,32
80,32
116,80
80,80
168,80
32,80
80,80
80,32
16,80
80,105
89,80
80,32
172,80
80,87
44,80
32,80
32,80
32,80
80,32
32,80
32,80
87,80
87,80
87,80
32,80
143,80
81,80
81,80
32,80
87,80
32,80
32,80
32,80
81,80
80,32
80,32
32,80
80,87
81,80
194,80
80,194
80,81
80,194
80,87
80,87
80,87
80,87
80,87
81,80
80,10
80,87
80,87
116,80
80,105
80,170
80,87
80,87
80,87
80,87
80,32
80,81
80,170
80,170
80,63
80,81
80,87
32,80
80,180
80,116
80,32
80,122
80,87
80,87
80,87
80,124
80,10
80,135
80,10
80,116
80,32
80,87
80,105
80,116
80,122
80,87
80,122
80,116
80,169
80,116
80,194
80,10
80,87
80,116
80,194
80,30
87,80
80,10
87,80
87,80
87,80
32,80
87,80
81,80
87,80
16,80
194,80
87,80
220,80
81,80
80,105
150,80
80,105
87,80
87,80
80,87
80,87
87,80
80,194
81,80
143,80
220,80
87,80
80,30
81,80
87,80
116,80
80,194
87,80
87,80
80,10
80,194
87,80
80,87
87,80
87,80
80,87
80,116
80,116
196,80
194,80
87,80
80,144
80,124
81,80
80,87
87,80
80,87
80,124
80,170
32,80
81,80
80,116
81,80
180,80
32,80
143,80
81,80
81,80
81,80
170,80
81,80
81,80
81,80
87,81
81,80
87,80
148,80
32,80
81,87
143,80
81,87
148,80
81,80
87,80
81,80
87,80
80,116
81,80
81,80
116,80
80,205
80,81
32,80
87,80
194,80
194,80
80,32
81,80
194,80
194,80
80,81
80,32
81,80
143,80
80,124
148,80
80,205
87,80
80,205
32,80
80,105
80,194
80,194
80,194
81,80
80,87
80,32
105,80
80,116
81,80
80,87
80,138
143,80
80,116
29,17
80,116
80,32
80,124
80,116
29,17
80,10
80,10
80,180
80,180
80,87
80,87
80,170
80,112
80,32
80,32
80,81
80,81
80,170
80,32
80,32
81,80
80,196
80,81
180,80
150,80
80,170
80,87
80,32
32,80
80,87
80,63
80,112
80,81
80,81
80,32
80,170
81,80
80,32
80,180
80,87
80,180
80,41
80,41
81,80
80,81
80,81
80,81
80,41
80,87
32,80
80,81
80,87
81,80
87,80
80,170
80,87
80,194
9,80
80,87
80,87
81,80
80,116
194,80
80,116
80,32
80,87
80,87
80,81
80,81
80,196
170,80
80,32
80,124
80,143
80,124
80,116
80,116
80,87
80,87
80,185
80,32
80,116
80,124
80,112
80,116
80,87
80,87
80,87
80,87
80,81
80,150
80,87
80,87
80,116
80,32
87,80
80,87
80,87
80,124
80,32
80,32
80,194
80,87
80,124
80,124
80,124
80,10
80,87
80,87
80,124
80,124
80,124
80,194
80,116
80,116
113,80
180,80
80,87
87,80
80,105
80,32
80,122
80,9
80,32
80,87
80,116
80,87
80,87
80,116
80,226
80,194
80,87
80,21
87,80
80,10
80,116
80,116
16,80
80,81
80,116
80,81
80,32
80,116
80,124
80,116
80,116
80,87
80,124
80,116
80,124
80,116
80,87
80,150
80,87
80,32
80,116
80,32
80,124
80,81
80,116
80,81
80,116
80,87
80,116
80,116
80,116
80,194
80,216
80,226
80,139
80,81
80,10
80,81
80,32
80,116
80,194
80,81
80,87
80,143
80,87
80,81
80,185
80,226
80,81
80,81
80,32
80,116
80,112
80,124
80,10
80,116
80,10
80,116
80,87
80,113
80,186
81,80
80,81
80,116
194,80
80,170
80,81
80,116
21,80
87,80
80,112
220,80
80,87
80,87
80,226
87,219
80,81
87,80
219,80
80,130
87,80
80,116
80,116
80,180
80,226
80,116
80,170
80,186
80,32
80,32
80,87
194,80
80,32
80,105
87,80
80,87
80,32
80,81
80,81
80,81
80,81
80,87
80,81
80,122
80,116
80,116
80,32
80,116
80,81
80,81
80,81
80,32
80,87
80,143
87,80
81,80
80,87
87,80
80,180
80,87
87,80
220,80
80,124
87,80
80,81
87,80
87,80
87,80
87,80
81,80
81,80
80,10
81,80
81,80
81,80
81,80
80,205
80,12
87,80
80,205
80,124
87,80
80,124
87,80
87,80
80,205
80,124
80,87
80,87
80,87
80,87
81,80
80,87
80,87
81,80
81,80
150,81
87,81
81,80
80,32
81,80
87,80
81,80
81,80
81,80
32,156
220,80
38,80
81,80
81,80
80,87
80,87
32,80
116,80
54,80
80,32
180,80
80,133
32,80
80,15
87,80
87,80
80,87
116,80
80,10
80,10
87,80
116,80
87,80
81,80
32,80
87,80
80,116
80,194
80,10
80,116
80,124
80,87
80,87
80,116
80,32
81,80
32,80
80,32
113,80
87,80
32,80
80,87
80,216
80,87
80,87
80,124
80,116
80,87
80,87
80,81
80,81
80,87
80,81
80,32
80,194
80,32
80,32
80,32
80,87
80,170
80,124
80,87
87,80
194,80
87,80
87,80
196,80
116,80
32,80
122,80
32,80
32,80
210,81
87,80
81,210
16,80
87,80
32,80
124,80
116,80
170,80
144,80
196,80
135,80
90,80
153,153
116,81
22,80
87,80
81,116
81,80
81,80
32,80
81,80
32,80
143,80
32,92
87,80
32,80
194,80
32,80
32,80
143,80
81,80
16,80
194,80
81,80
32,80
81,80
81,80
81,80
81,80
81,80
32,80
32,80
113,80
81,80
87,80
87,80
194,80
194,80
80,124
80,194
80,10
80,32
80,32
80,116
80,87
80,180
80,170
80,170
80,87
80,15
80,87
80,113
80,32
80,180
80,116
32,80
122,80
80,87
80,116
81,80
80,105
80,170
80,81
87,80
81,80
81,80
32,80
81,80
185,80
87,80
81,80
81,80
81,80
81,80
87,80
87,80
87,80
72,80
80,10
16,80
80,32
80,81
80,32
80,32
80,116
80,81
80,81
80,116
80,116
80,87
80,170
80,124
80,124
80,87
80,81
80,87
80,87
80,116
80,170
80,16
80,22
80,116
80,116
80,81
80,32
80,87
80,87
80,116
80,87
80,22
80,81
80,81
80,87
80,194
80,32
80,87
80,87
80,87
80,87
80,32
80,32
80,10
80,87
80,81
80,81
80,87
80,116
80,87
80,150
80,32
80,180
80,32
80,87
80,87
80,87
80,87
80,124
80,150
80,22
80,87
80,81
80,32
80,12
80,191
80,32
80,81
80,87
80,87
80,124
80,81
80,81
80,87
80,124
80,124
81,80
81,80
80,116
81,80
81,80
194,80
80,116
81,80
80,30
80,196
80,116
80,116
87,80
81,80
180,80
80,116
87,80
194,80
81,80
81,80
81,80
81,80
87,80
81,80
80,194
32,80
80,180
81,80
32,80
81,81
32,80
80,87
32,80
81,80
87,80
32,80
80,87
194,80
80,180
80,87
32,80
80,32
80,87
194,80
80,170
80,87
80,87
80,150
80,81
80,116
80,116
80,185
80,116
116,80
81,80
81,80
80,116
80,124
80,150
80,150
80,150
80,32
80,170
80,124
80,124
80,185
80,194
80,116
80,124
80,124
80,32
80,150
80,116
80,81
80,87
80,116
80,150
194,80
94,80
87,80
194,80
81,80
87,80
116,80
87,80
143,80
143,80
116,80
143,80
144,80
194,80
63,80
87,80
87,80
143,80
143,80
81,80
180,80
32,80
170,80
170,80
143,80
87,80
32,80
32,80
180,80
171,80
180,80
105,80
32,80
168,80
87,80
87,80
81,87
87,81
32,80
81,80
32,80
32,80
32,80
116,80
143,80
105,80
116,80
81,80
105,80
32,80
81,80
180,80
32,80
32,80
32,80
81,80
81,80
81,80
32,80
32,80
180,80
180,80
87,80
103,80
80,45
81,80
81,80
143,80
170,80
32,80
87,80
87,80
81,80
32,80
143,80
32,80
81,80
32,80
180,80
32,80
81,80
103,80
194,80
87,80
148,80
32,80
143,80
81,80
32,80
48,80
103,80
180,80
32,80
32,80
87,80
32,80
32,80
32,80
87,80
194,80
81,80
81,80
32,80
32,80
204,80
87,80
180,80
180,80
116,80
143,80
87,80
